{
  "QAT": "43834",
  "ENG": "43942",
  "SEN": "43879",
  "USA": "43921",
  "ARG": "43922",
  "DEN": "43941",
  "MEX": "43911",
  "FRA": "43946",
  "MAR": "43872",
  "GER": "43948",
  "ESP": "43969",
  "BEL": "43935",
  "SUI": "43971",
  "URU": "43930",
  "POR": "43963",
  "BRA": "43924",
  "WAL": "43974",
  "NED": "43960",
  "TUN": "43888",
  "POL": "43962",
  "JPN": "43819",
  "CRO": "43938",
  "CMR": "43849",
  "KOR": "43822",
  "ECU": "43927",
  "IRN": "43817",
  "AUS": "43976",
  "KSA": "43835",
  "CAN": "43899",
  "CRC": "43901",
  "GHA": "43860",
  "SRB": "1902465"
}
